id;name;phone;created_at;created_by;updated_at;updated_by
1;switch excepting;3703046396;2024-07-14T20:56:23;jaggedly faithfully;2024-07-14T20:41:35;um ack brag
2;price;1912990852;2024-07-14T14:41:11;oof boohoo;2024-07-14T18:31:19;yippee
3;apropos contour hungrily;4748179220;2024-07-15T01:06:46;activate reluctantly;2024-07-15T02:33:10;now
4;oh;4077335924;2024-07-15T03:03:33;gleefully concrete noisily;2024-07-15T03:05:35;than qua forenenst
5;uh-huh;2462902089;2024-07-14T16:35:16;gambling exhort;2024-07-14T18:48:34;jovially unless along
6;ew;7840119722;2024-07-14T14:00:59;uphold hourly yearly;2024-07-14T20:32:37;rapidly
7;energetic hence;1828233848;2024-07-14T17:35:14;transmute wearily;2024-07-14T14:59:00;periodic whoever
8;ew ill busily;5058051766;2024-07-14T15:57:04;skill yowza so;2024-07-15T05:47:04;flaky embargo
9;preen till shadowbox;9595472310;2024-07-15T01:22:55;kilometer;2024-07-14T22:13:43;spume beautifully
10;plus paramedic;6404546058;2024-07-14T20:02:07;against pro;2024-07-15T01:57:25;whose eek astride
